<?xml version="1.0" encoding="UTF-8" standalone="yes"?>
<addon id="repository.hsk.kodiaddons_de" name="[COLOR lime]HSK-DE DE REPOSITORY[/COLOR]" version="1.0.0" provider-name="[COLOR lime]HSK-DE[/COLOR]">
    <extension point="xbmc.addon.repository" name="HSK-DE DE REPOSITORY">
		<info compressed="false">http://storm2320.square7.ch/stormprime/repotest/addons.xml</info>
		<checksum>http://storm2320.square7.ch/stormprime/repotest/addons.xml.md5</checksum>
		<datadir zip="true">http://storm2320.square7.ch/stormprime/repotest/</datadir>
    </extension>
    <extension point="xbmc.addon.metadata">
        <summary>[COLOR lime]H.S.K-DE DE PRPO[/COLOR]</summary>
        <description>Facebook Gruppe :
Hardware - Software - Kodi - DE</description>
        <platform>all</platform>
    </extension>
</addon>