<?xml version="1.0" encoding="UTF-8" standalone="yes"?>
<addon id="repository.KNE" name="[B][COLOR lightblue]Kodi[/COLOR] [COLOR white]Neu[/COLOR] [COLOR lightblue]Erleben[/COLOR] Repository[/B]" version="1.1.1" provider-name="[COLOR blue]PAINKILLER[/COLOR]">
    <extension point="xbmc.addon.repository" name="Kodi Neu Erleben Repository">
		<info compressed="false">http://repo.kodineuerleben.eu/addons.xml</info>
		<checksum>http://repo.kodineuerleben.eu/addons.xml.md5</checksum>
		<datadir zip="true">http://repo.kodineuerleben.eu/</datadir>
    </extension>
    <extension point="xbmc.addon.metadata">
        <summary>Kodi Neu Erleben Repository</summary>
        <description>This repository belongs to the Kodi Group: Kodi Neu Erleben [CR] Visit us @ https://forum.kodineuerleben.eu</description>
        <platform>all</platform>
    </extension>
</addon>