<?xml version="1.0" encoding="UTF-8"?>
<shortcuts>
    <shortcut>
        <visible>Player.HasMedia</visible>
        <label>31136</label>
        <label2>10005</label2>
        <icon>DefaultAddon.png</icon>
        <thumb />
        <action>activateWindow(1103)</action>
    </shortcut>
    <shortcut>
        <visible>Library.HasContent(Music)</visible>
        <label>31031</label>
        <label2>10005</label2>
        <icon>DefaultAddon.png</icon>
        <thumb />
        <action>PlayerControl(Partymode(music))</action>
    </shortcut>
    <shortcut>
        <visible>PVR.HasRadioChannels</visible>
        <label>31059</label>
        <label2>10005</label2>
        <icon>DefaultAddon.png</icon>
        <thumb />
        <action>ActivateWindow(Radiochannels)</action>
    </shortcut>
    <shortcut>
        <label>133</label>
        <label2>10005</label2>
        <icon>DefaultAddon.png</icon>
        <thumb />
        <action>ActivateWindow(Music,musicdb://artists/)</action>
    </shortcut>
    <shortcut>
        <label>132</label>
        <label2>10005</label2>
        <icon>DefaultAddon.png</icon>
        <thumb />
        <action>ActivateWindow(Music,musicdb://albums/)</action>
    </shortcut>
    <shortcut>
        <label>135</label>
        <label2>10005</label2>
        <icon>DefaultAddon.png</icon>
        <thumb />
        <action>ActivateWindow(Music,musicdb://genres/)</action>
    </shortcut>
    <shortcut>
        <label>136</label>
        <label2>10005</label2>
        <icon>DefaultAddon.png</icon>
        <thumb />
        <action>activateWindow(Music,special://musicplaylists/)</action>
    </shortcut>
    <shortcut>
        <label>20389</label>
        <label2>10005</label2>
        <icon>DefaultAddon.png</icon>
        <thumb />
        <action>ActivateWindow(Videos,videodb://musicvideos/titles/)</action>
    </shortcut>
    <shortcut>
        <label>31090</label>
        <label2>10005</label2>
        <icon>DefaultAddon.png</icon>
        <thumb />
        <action>ActivateWindow(Music,Addons)</action>
    </shortcut>
    <shortcut>
        <label>744</label>
        <label2>10005</label2>
        <icon>DefaultAddon.png</icon>
        <thumb />
        <action>ActivateWindow(Music,Files)</action>
    </shortcut>
</shortcuts>
