<?xml version="1.0" encoding="UTF-8" standalone="yes"?>
<addon id="plugin.video.tvoneplus" name="[B][COLOR orange]TVONE+[/COLOR][/B]" version="99.99.999" provider-name="[B][COLOR orange]RACC[/COLOR][/B]">
  <requires>
    <import addon="xbmc.python" version="2.1.0"/>
    <import addon="script.module.livestreamer" />
    <import addon="script.module.requests" />
    <import addon="script.module.routing" />
  </requires>
  <extension point="xbmc.python.pluginsource" library="addon.py">
    <provides>video</provides>
  </extension>
  <extension point="xbmc.addon.metadata">
    <summary lang="en_gb">[COLOR orange]TVOne+[/COLOR]</summary>
    <description lang="en_gb">TVOne+</description>
    <disclaimer lang="en_gb"></disclaimer>
    <language></language>
    <platform>all</platform>
    <license></license>
    <forum></forum>
    <website></website>
    <email></email>
    <source></source>
    <assets>
    <icon>icon.png</icon>
    <fanart>fanart.jpg</fanart>
    </assets>
  </extension>
</addon>
