﻿<?xml version="1.0" encoding="UTF-8" standalone="yes"?>
<addon id="plugin.program.tp_cleaner" name="TP Cleaner" version="1.0.1" 
provider-name="Loki1979">
    <requires>
		<import addon="xbmc.python" version="2.1.0"/>
	</requires>
	<extension point="xbmc.python.pluginsource" library="addon.py">
		<provides>executable</provides>
	</extension>
	<extension point="xbmc.addon.metadata">
		<platform>all</platform>
		<summary>Kodi TP Cleaner </summary>
		<description>Temp - Packages Cleaner !</description>
		<license></license>
		<language></language>	
		<source></source>
		<email></email>
	</extension>
</addon>
