﻿<?xml version="1.0" encoding="UTF-8" standalone="yes"?>
<addon id="repository.Ghost" name="[B][COLOR red]Ghost Repo[/COLOR][/B]" version="1.0" provider-name="Ghost">
	<extension point="xbmc.addon.repository" name="Ghost Repo">
		<info compressed="false">http://ghostrepo.de/Plugins/addons.xml</info>
		<checksum>http://ghostrepo.de/Plugins/addons.xml.md5</checksum>
		<datadir zip="true">http://ghostrepo.de/Plugins/</datadir>
	</extension>
	<extension point="xbmc.addon.metadata">
		<summary>[COLOR red]Ghost Repo[/COLOR]</summary>
		<description>[COLOR red]Ghost Repo[/COLOR]</description>
		<platform>all</platform>
	</extension>
</addon>


